path,true,pred,gap,type
data/raw/ssgd/SSGD/lb101/062916-2029-275-5-101_ng_11.jpg,轻,中重,1,相邻档
data/raw/ssgd/SSGD/lb101/062916-2330-027-3-102_ng_15.jpg,轻,中重,1,相邻档
data/raw/ssgd/SSGD/lb101/062916-3538-464-5-101_ng_26.jpg,轻,中重,1,相邻档
data/raw/ssgd/SSGD/lb101/062916-3849-936-5-101_ng_11.jpg,轻,中重,1,相邻档
data/raw/ssgd/SSGD/lb101/063016-5721-590-5-101_ng_34.jpg,轻,中重,1,相邻档
data/raw/ssgd/SSGD/lb101/070717-0651-603-2-102_ok_32.jpg,中重,轻,1,相邻档
data/raw/ssgd/SSGD/lb101/070815-5022-617-1-101_ng_33.jpg,轻,中重,1,相邻档
data/raw/ssgd/SSGD/lb101/071316-5826-212-1-102_ng_17.jpg,轻,中重,1,相邻档
data/raw/ssgd/SSGD/lb101/071317-1812-668-4-101_ng_16.jpg,中重,轻,1,相邻档
data/raw/ssgd/SSGD/lb101/071317-1851-770-5-102_ng_31.jpg,轻,中重,1,相邻档
data/raw/ssgd/SSGD/lb101/071317-1906-497-1-101_ng_26.jpg,轻,中重,1,相邻档
data/raw/ssgd/SSGD/lb101/071417-2315-497-5-102_ng_12.jpg,中重,轻,1,相邻档
data/raw/ssgd/SSGD/lb101/071517-2230-394-5-102_ng_16.jpg,轻,中重,1,相邻档
data/raw/ssgd/SSGD/lb101/071817-2711-265-5-102_ng_3.jpg,轻,中重,1,相邻档
data/raw/ssgd/SSGD/lb101/072017-2455-053-1-101_ng_14.jpg,轻,中重,1,相邻档
data/raw/ssgd/SSGD/lb101/072117-2109-334-1-102_ng_7.jpg,轻,中重,1,相邻档
data/raw/ssgd/SSGD/lb101/072217-2245-422-1-101_ng_16.jpg,中重,轻,1,相邻档
data/raw/ssgd/SSGD/lb101/072217-2252-767-2-101_ng_16.jpg,中重,轻,1,相邻档
data/raw/ssgd/SSGD/lb101/072717-2119-772-1-101_ng_48.jpg,中重,轻,1,相邻档
data/raw/ssgd/SSGD/lb101/072717-2348-448-4-101_ng_33.jpg,轻,中重,1,相邻档
data/raw/ssgd/SSGD/lb101/072717-3452-083-1-101_ng_1.jpg,中重,轻,1,相邻档
data/raw/ssgd/SSGD/lb101/072817-2406-280-2-102_ng_36.jpg,轻,中重,1,相邻档
data/raw/ssgd/SSGD/lb101/080317-2837-451-1-102_ng_31.jpg,轻,中重,1,相邻档
data/raw/ssgd/SSGD/lb101/080317-2849-149-2-102_ng_4.jpg,中重,轻,1,相邻档
data/raw/ssgd/SSGD/lb101/080317-3348-058-1-101_ng_34.jpg,中重,轻,1,相邻档
data/raw/ssgd/SSGD/lb101/080917-3353-855-2-102_ng_9.jpg,轻,中重,1,相邻档
data/raw/ssgd/SSGD/lb101/081518-3056-626-5-102_ng_4.jpg,轻,中重,1,相邻档
data/raw/ssgd/SSGD/lb101/081518-3558-405-4-102_ng_34.jpg,轻,中重,1,相邻档
data/raw/ssgd/SSGD/lb101/081518-3639-582-1-102_ng_35.jpg,中重,轻,1,相邻档
data/raw/ssgd/SSGD/lb101/081518-3719-606-4-101_ng_26.jpg,轻,中重,1,相邻档
data/raw/ssgd/SSGD/lb201/062916-0045-634-5-201_ng_6.jpg,轻,中重,1,相邻档
data/raw/ssgd/SSGD/lb201/062916-0320-005-4-301_ng_25.jpg,轻,中重,1,相邻档
data/raw/ssgd/SSGD/lb201/062916-3245-899-5-301_ng_65.jpg,轻,中重,1,相邻档
data/raw/ssgd/SSGD/lb201/063016-5259-769-4-301_ng_70.jpg,轻,中重,1,相邻档
data/raw/ssgd/SSGD/lb201/070815-3130-874-3-301_ng_66.jpg,轻,中重,1,相邻档
data/raw/ssgd/SSGD/lb201/070815-3530-166-2-201_ng_57.jpg,轻,中重,1,相邻档
data/raw/ssgd/SSGD/lb201/070815-4026-715-4-201_ng_11.jpg,轻,中重,1,相邻档
data/raw/ssgd/SSGD/lb201/070815-4332-262-1-301_ng_20.jpg,轻,中重,1,相邻档
data/raw/ssgd/SSGD/lb201/071117-5057-118-2-201_ng_83.jpg,轻,中重,1,相邻档
data/raw/ssgd/SSGD/lb201/071117-5057-118-2-201_ng_84.jpg,轻,中重,1,相邻档
data/raw/ssgd/SSGD/lb201/071316-5850-733-4-201_ng_5.jpg,中重,轻,1,相邻档
data/raw/ssgd/SSGD/lb201/071417-2414-362-2-301_ng_69.jpg,轻,中重,1,相邻档
data/raw/ssgd/SSGD/lb201/071517-3525-442-1-201_ng_64.jpg,轻,中重,1,相邻档
data/raw/ssgd/SSGD/lb201/072017-1811-372-1-301_ng_39.jpg,轻,中重,1,相邻档
data/raw/ssgd/SSGD/lb201/072017-2734-408-5-301_ng_82.jpg,轻,中重,1,相邻档
data/raw/ssgd/SSGD/lb201/072517-2645-388-1-201_ng_87.jpg,中重,轻,1,相邻档
data/raw/ssgd/SSGD/lb201/072517-3748-190-1-301_ng_27.jpg,轻,中重,1,相邻档
data/raw/ssgd/SSGD/lb201/072617-1815-960-1-301_ng_85.jpg,轻,中重,1,相邻档
data/raw/ssgd/SSGD/lb201/072617-2809-962-4-301_ng_37.jpg,轻,中重,1,相邻档
data/raw/ssgd/SSGD/lb201/072717-2742-134-4-201_ng_64.jpg,轻,中重,1,相邻档
data/raw/ssgd/SSGD/lb201/072817-2959-704-3-301_ng_86.jpg,中重,轻,1,相邻档
data/raw/ssgd/SSGD/lb201/072917-2002-384-5-201_ng_42.jpg,中重,轻,1,相邻档
data/raw/ssgd/SSGD/lb201/080317-3136-347-3-301_ng_54.jpg,轻,中重,1,相邻档
data/raw/ssgd/SSGD/lb201/080317-3216-870-2-201_ng_50.jpg,轻,中重,1,相邻档
data/raw/ssgd/SSGD/lb201/080317-3414-098-5-301_ng_57.jpg,轻,中重,1,相邻档
data/raw/ssgd/SSGD/lb201/080517-0604-566-1-201_ng_3.jpg,轻,中重,1,相邻档
data/raw/ssgd/SSGD/lb201/080917-2815-575-1-201_ng_10.jpg,轻,中重,1,相邻档
data/raw/ssgd/SSGD/lb201/081017-2559-922-1-201_ng_42.jpg,轻,中重,1,相邻档
data/raw/ssgd/SSGD/lb201/081217-2117-935-1-301_ng_11.jpg,轻,中重,1,相邻档
data/raw/ssgd/SSGD/lb201/081518-4224-400-4-201_ng_88.jpg,轻,中重,1,相邻档
